{"worlds":{"online":7408,"allworlds":[{"name":"Antica","online":584,"location":"Europe","worldtype":"Open PvP","additional":""},{"name":"Astera","online":145,"location":"North America","worldtype":"Optional PvP","additional":""},{"name":"Belobra","online":139,"location":"South America","worldtype":"Optional PvP","additional":"blocked"},{"name":"Bona","online":330,"location":"Europe","worldtype":"Optional PvP","additional":""},{"name":"Calmera","online":85,"location":"North America","worldtype":"Optional PvP","additional":""},{"name":"Celesta","online":184,"location":"Europe","worldtype":"Optional PvP","additional":""},{"name":"Damora","online":214,"location":"Europe","worldtype":"Optional PvP","additional":"blocked"},{"name":"Descubra","online":121,"location":"South America","worldtype":"Optional PvP","additional":"blocked"},{"name":"Duna","online":38,"location":"Europe","worldtype":"Retro Open PvP","additional":"blocked"},{"name":"Epoca","online":158,"location":"Europe","worldtype":"Retro Open PvP","additional":""},{"name":"Estela","online":231,"location":"Europe","worldtype":"Open PvP","additional":""},{"name":"Faluna","online":215,"location":"Europe","worldtype":"Open PvP","additional":"premium, blocked"},{"name":"Ferobra","online":119,"location":"South America","worldtype":"Open PvP","additional":"blocked"},{"name":"Firmera","online":48,"location":"North America","worldtype":"Retro Open PvP","additional":""},{"name":"Garnera","online":99,"location":"North America","worldtype":"Open PvP","additional":""},{"name":"Gentebra","online":169,"location":"South America","worldtype":"Optional PvP","additional":""},{"name":"Gladera","online":162,"location":"North America","worldtype":"Optional PvP","additional":""},{"name":"Harmonia","online":230,"location":"Europe","worldtype":"Optional PvP","additional":""},{"name":"Helera","online":30,"location":"North America","worldtype":"Retro Hardcore PvP","additional":"blocked"},{"name":"Honbra","online":100,"location":"South America","worldtype":"Open PvP","additional":"blocked"},{"name":"Impera","online":138,"location":"North America","worldtype":"Open PvP","additional":""},{"name":"Inabra","online":130,"location":"South America","worldtype":"Open PvP","additional":""},{"name":"Jonera","online":57,"location":"North America","worldtype":"Open PvP","additional":"premium, blocked"},{"name":"Kalibra","online":100,"location":"South America","worldtype":"Optional PvP","additional":""},{"name":"Kenora","online":132,"location":"Europe","worldtype":"Open PvP","additional":""},{"name":"Lobera","online":161,"location":"North America","worldtype":"Open PvP","additional":""},{"name":"Luminera","online":95,"location":"North America","worldtype":"Optional PvP","additional":""},{"name":"Lutabra","online":133,"location":"South America","worldtype":"Retro Open PvP","additional":""},{"name":"Macabra","online":14,"location":"South America","worldtype":"Retro Hardcore PvP","additional":"blocked"},{"name":"Menera","online":106,"location":"North America","worldtype":"Optional PvP","additional":""},{"name":"Monza","online":319,"location":"Europe","worldtype":"Optional PvP","additional":""},{"name":"Nefera","online":151,"location":"North America","worldtype":"Optional PvP","additional":""},{"name":"Noctera","online":62,"location":"North America","worldtype":"Open PvP","additional":"blocked"},{"name":"Olera","online":50,"location":"North America","worldtype":"Optional PvP","additional":"blocked"},{"name":"Ombra","online":110,"location":"South America","worldtype":"Open PvP","additional":"premium, blocked"},{"name":"Pacera","online":78,"location":"North America","worldtype":"Optional PvP","additional":""},{"name":"Peloria","online":208,"location":"Europe","worldtype":"Open PvP","additional":""},{"name":"Premia","online":76,"location":"Europe","worldtype":"Open PvP","additional":"premium"},{"name":"Quelibra","online":123,"location":"South America","worldtype":"Open PvP","additional":""},{"name":"Quintera","online":103,"location":"North America","worldtype":"Open PvP","additional":""},{"name":"Refugia","online":225,"location":"Europe","worldtype":"Optional PvP","additional":""},{"name":"Relembra","online":117,"location":"South America","worldtype":"Retro Open PvP","additional":"blocked"},{"name":"Secura","online":336,"location":"Europe","worldtype":"Optional PvP","additional":""},{"name":"Serdebra","online":52,"location":"South America","worldtype":"Open PvP","additional":"blocked"},{"name":"Solidera","online":155,"location":"North America","worldtype":"Open PvP","additional":""},{"name":"Talera","online":159,"location":"North America","worldtype":"Open PvP","additional":""},{"name":"Tortura","online":45,"location":"Europe","worldtype":"Retro Hardcore PvP","additional":"blocked"},{"name":"Vita","online":111,"location":"Europe","worldtype":"Open PvP","additional":"blocked"},{"name":"Vunira","online":273,"location":"Europe","worldtype":"Open PvP","additional":""},{"name":"Wintera","online":145,"location":"North America","worldtype":"Open PvP","additional":""},{"name":"Zuna","online":29,"location":"Europe","worldtype":"Hardcore PvP","additional":"locked, experimental game world"},{"name":"Zunera","online":14,"location":"North America","worldtype":"Hardcore PvP","additional":"locked, experimental game world"}]},"information":{"api_version":2,"execution_time":0.066,"last_updated":"2018-07-14 13:23:28","timestamp":"2018-07-14 13:23:28"}}