[{
      "nome": "All",
      "worlds": [
        "All",
"Antica",
"Astera",
"Belobra",
"Bona",
"Calmera",
"Celesta",
"Damora",
"Descubra",
"Duna",
"Epoca",
"Estela",
"Faluna",
"Ferobra",
"Firmera",
"Garnera",
"Gentebra",
"Gladera",
"Harmonia",
"Helera",
"Honbra",
"Impera",
"Inabra",
"Jonera",
"Kalibra",
"Kenora",
"Lobera",
"Luminera",
"Lutabra",
"Macabra",
"Menera",
"Monza",
"Nefera",
"Noctera",
"Olera",
"Ombra",
"Pacera",
"Peloria",
"Premia",
"Quelibra",
"Quintera",
"Refugia",
"Relembra",
"Secura",
"Serdebra",
"Solidera",
"Talera",
"Tortura",
"Vita",
"Vunira",
"Wintera",
"Zuna",
"Zunera"
      ]
    },
    {
      "nome": "Hardcore PvP",
      "worlds": [
        "All",
        "Zuna",
        "Zunera"
      ]
    },
    {
      "nome": "Retro Hardcore PvP",
      "worlds": [
        "All",
        "Helera",
        "Macabra",
        "Tortura"
      ]
    },    
    {
      "nome": "Retro Open PvP",
      "worlds": [
        "All",
        "Firmera",
        "Duna",
        "Epoca",
        "Lutabra",
        "Relembra"
      ]
    },
    {
      "nome": "Open PvP",
      "worlds": [
        "All",
        "Faluna",
        "Ferobra",
        "Garnera",
        "Honbra",
        "Impera",
        "Inabra",
        "Jonera",
        "Kenora",
        "Lobera",
        "Estela",
        "Antica",
        "Peloria",
        "Premia",
        "Quelibra",
        "Ombra",
        "Noctera",
        "Solidera",
        "Serdebra",
        "Quintera",
        "Vita",
        "Talera",
        "Wintera",
        "Vunira"
      ]
    },
    {
      "nome": "Optional PvP",
      "worlds": [
        "All",
        "Kalibra",
        "Gentebra",
        "Gladera",
        "Harmonia",
        "Calmera",
        "Celesta",
        "Bona",
        "Belobra",
        "Astera",
        "Descubra",
        "Damora",
        "Pacera",
        "Olera",
        "Luminera",
        "Menera",
        "Monza",
        "Nefera",
        "Secura",
        "Refugia"
      ]
}]